Area,Production,UREA,DAP,MAP,MOP,NPK,TSP,Labour_hours,Rainfall,Yield
5000,2000,0.19,1,1,0.46,1,1,745.3,649,400
4000,3000,0.19,1,1,0.46,1,1,745.3,649,750
2000,3000,0.19,1,1,0.46,1,1,745.3,649,1500
2000,2000,0.19,1,1,0.46,1,1,745.3,649,1000
2000,3000,0.19,1,1,0.46,1,1,745.3,649,1500
1000,1000,0.19,1,1,0.46,1,1,745.3,649,1000
1000,2000,0.19,1,1,0.46,1,1,745.3,649,2000
1000,3000,0.19,1,1,0.46,1,1,745.3,649,3000
1000,3000,0.19,1,1,0.46,1,1,745.3,649,3000
14000,81000,0.19,1,1,0.46,1,1,745.3,649,5785.714286
12000,57000,0.19,1,1,0.46,1,1,745.3,649,4750
11000,50000,0.19,1,1,0.46,1,1,745.3,649,4545.454545
10000,40000,0.19,1,1,0.46,1,1,745.3,649,4000
11000,44000,0.19,1,1,0.46,1,1,745.3,649,4000
9000,32000,0.19,1,1,0.46,1,1,745.3,649,3555.555556
9000,37000,0.19,1,1,0.46,1,1,745.3,649,4111.111111
8000,31000,0.19,1,1,0.46,1,1,745.3,649,3875
199000,286000,0.19,1,1,0.46,1,1,745.3,649,1437.18593
170000,173000,0.19,1,1,0.46,1,1,745.3,649,1017.647059
151000,279000,0.19,1,1,0.46,1,1,745.3,649,1847.682119
147000,331000,0.19,1,1,0.46,1,1,745.3,649,2251.70068
162000,375000,0.19,1,1,0.46,1,1,745.3,649,2314.814815
125000,347000,0.19,1,1,0.46,1,1,745.3,649,2776
128000,411000,0.19,1,1,0.46,1,1,745.3,649,3210.9375
141000,593000,0.19,1,1,0.46,1,1,745.3,649,4205.673759
151000,659000,0.19,1,1,0.46,1,1,745.3,649,4364.238411
161000,739000,0.19,1,1,0.46,1,1,745.3,649,4590.062112
165000,660000,0.19,1,1,0.46,1,1,745.3,649,4000
153000,714000,0.19,1,1,0.46,1,1,745.3,649,4666.666667
150000,659000,0.19,1,1,0.46,1,1,745.3,649,4393.333333
147000,607000,0.19,1,1,0.46,1,1,745.3,649,4129.251701
155000,573000,0.19,1,1,0.46,1,1,745.3,649,3696.774194
151000,581000,0.19,1,1,0.46,1,1,745.3,649,3847.682119
142000,505000,0.19,1,1,0.46,1,1,745.3,649,3556.338028
139000,498000,0.19,1,1,0.46,1,1,745.3,649,3582.733813
48000,35000,0.19,1,1,0.46,1,1,745.3,649,729.1666667
22000,19000,0.19,1,1,0.46,1,1,745.3,649,863.6363636
15000,29000,0.19,1,1,0.46,1,1,745.3,649,1933.333333
14000,35000,0.19,1,1,0.46,1,1,745.3,649,2500
36000,72000,0.19,1,1,0.46,1,1,745.3,649,2000
16000,25000,0.19,1,1,0.46,1,1,745.3,649,1562.5
20000,58000,0.19,1,1,0.46,1,1,745.3,649,2900
21000,68000,0.19,1,1,0.46,1,1,745.3,649,3238.095238
25000,108000,0.19,1,1,0.46,1,1,745.3,649,4320
29000,137000,0.19,1,1,0.46,1,1,745.3,649,4724.137931
28000,105000,0.19,1,1,0.46,1,1,745.3,649,3750
21000,85000,0.19,1,1,0.46,1,1,745.3,649,4047.619048
18000,71000,0.19,1,1,0.46,1,1,745.3,649,3944.444444
15000,56000,0.19,1,1,0.46,1,1,745.3,649,3733.333333
17000,52000,0.19,1,1,0.46,1,1,745.3,649,3058.823529
15000,46000,0.19,1,1,0.46,1,1,745.3,649,3066.666667
12000,37000,0.19,1,1,0.46,1,1,745.3,649,3083.333333
10000,37000,0.19,1,1,0.46,1,1,745.3,649,3700
112000,292000,0.19,1,1,0.46,1,1,745.3,649,2607.142857
98000,310000,0.19,1,1,0.46,1,1,745.3,649,3163.265306
98000,251000,0.19,1,1,0.46,1,1,745.3,649,2561.22449
153000,209000,0.19,1,1,0.46,1,1,745.3,649,1366.013072
138000,189000,0.19,1,1,0.46,1,1,745.3,649,1369.565217
119000,257000,0.19,1,1,0.46,1,1,745.3,649,2159.663866
114000,341000,0.19,1,1,0.46,1,1,745.3,649,2991.22807
143000,325000,0.19,1,1,0.46,1,1,745.3,649,2272.727273
121000,293000,0.19,1,1,0.46,1,1,745.3,649,2421.487603
117000,440000,0.19,1,1,0.46,1,1,745.3,649,3760.683761
133000,548000,0.19,1,1,0.46,1,1,745.3,649,4120.300752
140000,614000,0.19,1,1,0.46,1,1,745.3,649,4385.714286
151000,648000,0.19,1,1,0.46,1,1,745.3,649,4291.390728
139000,472000,0.19,1,1,0.46,1,1,745.3,649,3395.683453
120000,484000,0.19,1,1,0.46,1,1,745.3,649,4033.333333
126000,417000,0.19,1,1,0.46,1,1,745.3,649,3309.52381
116000,382000,0.19,1,1,0.46,1,1,745.3,649,3293.103448
124000,339000,0.19,1,1,0.46,1,1,745.3,649,2733.870968
1000,3000,0.19,1,1,0.46,1,1,745.3,649,3000
1000,3000,0.19,1,1,0.46,1,1,745.3,649,3000
1000,3000,0.19,1,1,0.46,1,1,745.3,649,3000
2000,2000,0.19,1,1,0.46,1,1,745.3,649,1000
1000,2000,0.19,1,1,0.46,1,1,745.3,649,2000
3000,5000,0.19,1,1,0.46,1,1,745.3,649,1666.666667
1000,2000,0.19,1,1,0.46,1,1,745.3,649,2000
1000,1000,0.19,1,1,0.46,1,1,745.3,649,1000
2000,3000,0.19,1,1,0.46,1,1,745.3,649,1500
1000,1000,0.19,1,1,0.46,1,1,745.3,649,1000
1000,1000,0.19,1,1,0.46,1,1,745.3,649,1000
1000,5000,0.19,1,1,0.46,1,1,745.3,649,5000
2000,9000,0.19,1,1,0.46,1,1,745.3,649,4500
3000,12000,0.19,1,1,0.46,1,1,745.3,649,4000
2000,9000,0.19,1,1,0.46,1,1,745.3,649,4500
2000,8000,0.19,1,1,0.46,1,1,745.3,649,4000
1000,4000,0.19,1,1,0.46,1,1,745.3,649,4000
1000,3000,0.19,1,1,0.46,1,1,745.3,649,3000
1000,2000,0.19,1,1,0.46,1,1,745.3,649,2000
1000,3000,0.19,1,1,0.46,1,1,745.3,649,3000
103000,165000,0.19,1,1,0.46,1,1,745.3,649,1601.941748
83000,70000,0.19,1,1,0.46,1,1,745.3,649,843.373494
72000,159000,0.19,1,1,0.46,1,1,745.3,649,2208.333333
79000,193000,0.19,1,1,0.46,1,1,745.3,649,2443.037975
92000,182000,0.19,1,1,0.46,1,1,745.3,649,1978.26087
70000,168000,0.19,1,1,0.46,1,1,745.3,649,2400
73000,246000,0.19,1,1,0.46,1,1,745.3,649,3369.863014
82000,350000,0.19,1,1,0.46,1,1,745.3,649,4268.292683
91000,365000,0.19,1,1,0.46,1,1,745.3,649,4010.989011
93000,405000,0.19,1,1,0.46,1,1,745.3,649,4354.83871
100000,438000,0.19,1,1,0.46,1,1,745.3,649,4380
90000,366000,0.19,1,1,0.46,1,1,745.3,649,4066.666667
89000,328000,0.19,1,1,0.46,1,1,745.3,649,3685.393258
88000,351000,0.19,1,1,0.46,1,1,745.3,649,3988.636364
93000,338000,0.19,1,1,0.46,1,1,745.3,649,3634.408602
90000,317000,0.19,1,1,0.46,1,1,745.3,649,3522.222222
86000,275000,0.19,1,1,0.46,1,1,745.3,649,3197.674419
84000,251000,0.19,1,1,0.46,1,1,745.3,649,2988.095238
16000,24000,0.19,1,1,0.46,1,1,745.3,649,1500
9000,10000,0.19,1,1,0.46,1,1,745.3,649,1111.111111
9000,13000,0.19,1,1,0.46,1,1,745.3,649,1444.444444
8000,20000,0.19,1,1,0.46,1,1,745.3,649,2500
14000,20000,0.19,1,1,0.46,1,1,745.3,649,1428.571429
5000,6000,0.19,1,1,0.46,1,1,745.3,649,1200
4000,11000,0.19,1,1,0.46,1,1,745.3,649,2750
6000,20000,0.19,1,1,0.46,1,1,745.3,649,3333.333333
7000,28000,0.19,1,1,0.46,1,1,745.3,649,4000
7000,29000,0.19,1,1,0.46,1,1,745.3,649,4142.857143
8000,32000,0.19,1,1,0.46,1,1,745.3,649,4000
6000,36000,0.19,1,1,0.46,1,1,745.3,649,6000
4000,17000,0.19,1,1,0.46,1,1,745.3,649,4250
3000,9000,0.19,1,1,0.46,1,1,745.3,649,3000
3000,5000,0.19,1,1,0.46,1,1,745.3,649,1666.666667
2000,9000,0.19,1,1,0.46,1,1,745.3,649,4500
2000,8000,0.19,1,1,0.46,1,1,745.3,649,4000
1000,3000,0.19,1,1,0.46,1,1,745.3,649,3000
161000,154000,0.19,1,1,0.46,1,1,745.3,649,956.5217391
109000,100000,0.19,1,1,0.46,1,1,745.3,649,917.4311927
85000,170000,0.19,1,1,0.46,1,1,745.3,649,2000
87000,233000,0.19,1,1,0.46,1,1,745.3,649,2678.16092
126000,276000,0.19,1,1,0.46,1,1,745.3,649,2190.47619
86000,202000,0.19,1,1,0.46,1,1,745.3,649,2348.837209
91000,267000,0.19,1,1,0.46,1,1,745.3,649,2934.065934
105000,437000,0.19,1,1,0.46,1,1,745.3,649,4161.904762
117000,542000,0.19,1,1,0.46,1,1,745.3,649,4632.478632
131000,599000,0.19,1,1,0.46,1,1,745.3,649,4572.519084
128000,481000,0.19,1,1,0.46,1,1,745.3,649,3757.8125
107000,476000,0.19,1,1,0.46,1,1,745.3,649,4448.598131
96000,391000,0.19,1,1,0.46,1,1,745.3,649,4072.916667
90000,330000,0.19,1,1,0.46,1,1,745.3,649,3666.666667
98000,228000,0.19,1,1,0.46,1,1,745.3,649,2326.530612
88000,298000,0.19,1,1,0.46,1,1,745.3,649,3386.363636
82000,264000,0.19,1,1,0.46,1,1,745.3,649,3219.512195
66000,217000,0.19,1,1,0.46,1,1,745.3,649,3287.878788
1000,2000,0.19,1,1,0.46,1,1,745.3,649,2000
1000,1000,0.19,1,1,0.46,1,1,745.3,649,1000
1000,1000,0.19,1,1,0.46,1,1,745.3,649,1000
1000,2000,0.19,1,1,0.46,1,1,745.3,649,2000
1000,2000,0.19,1,1,0.46,1,1,745.3,649,2000
1000,2000,0.19,1,1,0.46,1,1,745.3,649,2000
1000,3000,0.19,1,1,0.46,1,1,745.3,649,3000
1000,3000,0.19,1,1,0.46,1,1,745.3,649,3000
1000,3000,0.19,1,1,0.46,1,1,745.3,649,3000
1000,3000,0.19,1,1,0.46,1,1,745.3,649,3000
1000,4000,0.19,1,1,0.46,1,1,745.3,649,4000
1000,4000,0.19,1,1,0.46,1,1,745.3,649,4000
1000,4000,0.19,1,1,0.46,1,1,745.3,649,4000
1000,3000,0.19,1,1,0.46,1,1,745.3,649,3000
1000,3000,0.19,1,1,0.46,1,1,745.3,649,3000
1000,3000,0.19,1,1,0.46,1,1,745.3,649,3000
35000,55000,0.19,1,1,0.46,1,1,745.3,649,1571.428571
24000,28000,0.19,1,1,0.46,1,1,745.3,649,1166.666667
20000,37000,0.19,1,1,0.46,1,1,745.3,649,1850
21000,41000,0.19,1,1,0.46,1,1,745.3,649,1952.380952
28000,47000,0.19,1,1,0.46,1,1,745.3,649,1678.571429
23000,38000,0.19,1,1,0.46,1,1,745.3,649,1652.173913
16000,39000,0.19,1,1,0.46,1,1,745.3,649,2437.5
19000,65000,0.19,1,1,0.46,1,1,745.3,649,3421.052632
23000,68000,0.19,1,1,0.46,1,1,745.3,649,2956.521739
27000,100000,0.19,1,1,0.46,1,1,745.3,649,3703.703704
15000,60000,0.19,1,1,0.46,1,1,745.3,649,4000
14000,50000,0.19,1,1,0.46,1,1,745.3,649,3571.428571
13000,57000,0.19,1,1,0.46,1,1,745.3,649,4384.615385
11000,36000,0.19,1,1,0.46,1,1,745.3,649,3272.727273
11000,33000,0.19,1,1,0.46,1,1,745.3,649,3000
11000,44000,0.19,1,1,0.46,1,1,745.3,649,4000
12000,50000,0.19,1,1,0.46,1,1,745.3,649,4166.666667
13000,51000,0.19,1,1,0.46,1,1,745.3,649,3923.076923
2000,9000,0.19,1,1,0.46,1,1,745.3,649,4500
3000,10000,0.19,1,1,0.46,1,1,745.3,649,3333.333333
1000,4000,0.19,1,1,0.46,1,1,745.3,649,4000
1000,4000,0.19,1,1,0.46,1,1,745.3,649,4000
1000,4000,0.19,1,1,0.46,1,1,745.3,649,4000
1000,3000,0.19,1,1,0.46,1,1,745.3,649,3000
1000,3000,0.19,1,1,0.46,1,1,745.3,649,3000
7300,9400,1,0.6,1,1,1,1,833.3,1094,1287.671233
14000,12900,1,0.6,1,1,1,1,833.3,1094,921.4285714
9453,10510,1,0.6,1,1,1,1,833.3,1094,1111.816355
12025,16128,1,0.6,1,1,1,1,833.3,1094,1341.205821
8552,9055,1,0.6,1,1,1,1,833.3,1094,1058.816651
7638,7144,1,0.6,1,1,1,1,833.3,1094,935.3233831
4212,4262,1,0.6,1,1,1,1,833.3,1094,1011.870845
8933,7041,1,0.6,1,1,1,1,833.3,1094,788.2010523
3295,3450,1,0.6,1,1,1,1,833.3,1094,1047.040971
1506,1940,1,0.6,1,1,1,1,833.3,1094,1288.180611
3000,2000,1,0.6,1,1,1,1,833.3,1094,666.6666667
1611,1241,1,0.6,1,1,1,1,833.3,1094,770.3289882
2063,1226,1,0.6,1,1,1,1,833.3,1094,594.2801745
4338,2977,1,0.6,1,1,1,1,833.3,1094,686.2609497
19299,12069,1,0.6,1,1,1,1,833.3,1094,625.3691901
27566,35511,1,0.6,1,1,1,1,833.3,1094,1288.217369
77,99,1,0.6,1,1,1,1,833.3,1094,1285.714286
37661,77316,1,0.6,1,1,1,1,833.3,1094,2052.946018
62,127,1,0.6,1,1,1,1,833.3,1094,2048.387097
73734,103779,1,0.6,1,1,1,1,833.3,1094,1407.478233
884,1244,1,0.6,1,1,1,1,833.3,1094,1407.239819
2,2,1,0.6,1,1,1,1,833.3,1094,1000
19,25,1,0.6,1,1,1,1,833.3,1094,1315.789474
2,2,1,0.6,1,1,1,1,833.3,1094,1000
4,4,1,0.6,1,1,1,1,833.3,1094,1000
24,37,1,0.6,1,1,1,1,833.3,1094,1541.666667
66,94,1,0.6,1,1,1,1,833.3,1094,1424.242424
235,98,1,0.6,1,1,1,1,833.3,1094,417.0212766
400,65,1,0.6,1,1,1,1,833.3,1094,162.5
317,405,1,0.6,1,1,1,1,833.3,1094,1277.602524
226,288,1,0.6,1,1,1,1,833.3,1094,1274.336283
157,391,1,0.6,1,1,1,1,833.3,1094,2490.44586
194,483,1,0.6,1,1,1,1,833.3,1094,2489.690722
308,723,1,0.6,1,1,1,1,833.3,1094,2347.402597
545,1278,1,0.6,1,1,1,1,833.3,1094,2344.954128
9800,23400,1,0.6,1,1,1,1,833.3,1094,2387.755102
7900,6300,1,0.6,1,1,1,1,833.3,1094,797.4683544
4410,7289,1,0.6,1,1,1,1,833.3,1094,1652.834467
5580,10536,1,0.6,1,1,1,1,833.3,1094,1888.172043
6289,16425,1,0.6,1,1,1,1,833.3,1094,2611.702973
4555,8092,1,0.6,1,1,1,1,833.3,1094,1776.50933
8969,26696,1,0.6,1,1,1,1,833.3,1094,2976.474523
16022,45616,1,0.6,1,1,1,1,833.3,1094,2847.085258
13939,10167,1,0.6,1,1,1,1,833.3,1094,729.3923524
9034,19397,1,0.6,1,1,1,1,833.3,1094,2147.110914
8000,18000,1,0.6,1,1,1,1,833.3,1094,2250
7432,14165,1,0.6,1,1,1,1,833.3,1094,1905.947255
6845,19649,1,0.6,1,1,1,1,833.3,1094,2870.562454
12112,21517,1,0.6,1,1,1,1,833.3,1094,1776.502642
13150,19880,1,0.6,1,1,1,1,833.3,1094,1511.787072
16845,32501,1,0.6,1,1,1,1,833.3,1094,1929.415257
21781,24728,1,0.6,1,1,1,1,833.3,1094,1135.301409
22433,47597,1,0.6,1,1,1,1,833.3,1094,2121.740293
162300,432500,1,0.6,1,1,1,1,833.3,1094,2664.818238
193600,120700,1,0.6,1,1,1,1,833.3,1094,623.4504132
139425,252605,1,0.6,1,1,1,1,833.3,1094,1811.762596
125251,252712,1,0.6,1,1,1,1,833.3,1094,2017.64457
126285,378112,1,0.6,1,1,1,1,833.3,1094,2994.116483
98628,186813,1,0.6,1,1,1,1,833.3,1094,1894.117289
138925,485420,1,0.6,1,1,1,1,833.3,1094,3494.11553
177868,593242,1,0.6,1,1,1,1,833.3,1094,3335.293589
152978,462533,1,0.6,1,1,1,1,833.3,1094,3023.526259
132550,468603,1,0.6,1,1,1,1,833.3,1094,3535.292343
150000,689000,1,0.6,1,1,1,1,833.3,1094,4593.333333
166289,643636,1,0.6,1,1,1,1,833.3,1094,3870.58675
151490,524868,1,0.6,1,1,1,1,833.3,1094,3464.703941
170158,402203,1,0.6,1,1,1,1,833.3,1094,2363.703146
162714,346485,1,0.6,1,1,1,1,833.3,1094,2129.411114
187397,708802,1,0.6,1,1,1,1,833.3,1094,3782.355107
193207,752371,1,0.6,1,1,1,1,833.3,1094,3894.118743
206374,1075856,1,0.6,1,1,1,1,833.3,1094,5213.137314
22,115,1,0.6,1,1,1,1,833.3,1094,5227.272727
13400,17400,1,0.6,1,1,1,1,833.3,1094,1298.507463
24800,22900,1,0.6,1,1,1,1,833.3,1094,923.3870968
25038,27836,1,0.6,1,1,1,1,833.3,1094,1111.75014
30687,41157,1,0.6,1,1,1,1,833.3,1094,1341.186822
21579,23356,1,0.6,1,1,1,1,833.3,1094,1082.34858
11500,12921,1,0.6,1,1,1,1,833.3,1094,1123.565217
15784,12999,1,0.6,1,1,1,1,833.3,1094,823.5554992
27717,15815,1,0.6,1,1,1,1,833.3,1094,570.5884475
14578,11834,1,0.6,1,1,1,1,833.3,1094,811.771162
7940,5651,1,0.6,1,1,1,1,833.3,1094,711.7128463
9000,14000,1,0.6,1,1,1,1,833.3,1094,1555.555556
11467,11669,1,0.6,1,1,1,1,833.3,1094,1017.615767
12614,17882,1,0.6,1,1,1,1,833.3,1094,1417.631203
17011,40822,1,0.6,1,1,1,1,833.3,1094,2399.741344
30845,48314,1,0.6,1,1,1,1,833.3,1094,1566.347868
28546,58771,1,0.6,1,1,1,1,833.3,1094,2058.817347
330,679,1,0.6,1,1,1,1,833.3,1094,2057.575758
34119,50175,1,0.6,1,1,1,1,833.3,1094,1470.588235
1803,2651,1,0.6,1,1,1,1,833.3,1094,1470.327232
34346,57550,1,0.6,1,1,1,1,833.3,1094,1675.595411
1246,2088,1,0.6,1,1,1,1,833.3,1094,1675.76244
26400,63300,1,0.6,1,1,1,1,833.3,1094,2397.727273
41300,32500,1,0.6,1,1,1,1,833.3,1094,786.9249395
31696,52392,1,0.6,1,1,1,1,833.3,1094,1652.953054
29437,64069,1,0.6,1,1,1,1,833.3,1094,2176.478581
35374,77615,1,0.6,1,1,1,1,833.3,1094,2194.125629
31367,57937,1,0.6,1,1,1,1,833.3,1094,1847.068575
35436,104849,1,0.6,1,1,1,1,833.3,1094,2958.827181
47915,137544,1,0.6,1,1,1,1,833.3,1094,2870.583325
45825,88415,1,0.6,1,1,1,1,833.3,1094,1929.405346
31586,85282,1,0.6,1,1,1,1,833.3,1094,2699.993668
35000,115000,1,0.6,1,1,1,1,833.3,1094,3285.714286
36669,131459,1,0.6,1,1,1,1,833.3,1094,3585.017317
46902,140706,1,0.6,1,1,1,1,833.3,1094,3000
51963,117681,1,0.6,1,1,1,1,833.3,1094,2264.70758
59845,122506,1,0.6,1,1,1,1,833.3,1094,2047.054892
64514,208722,1,0.6,1,1,1,1,833.3,1094,3235.297765
59304,224658,1,0.6,1,1,1,1,833.3,1094,3788.243626
55571,261650,1,0.6,1,1,1,1,833.3,1094,4708.391067
90400,116900,1,0.6,1,1,1,1,833.3,1094,1293.141593
153700,142000,1,0.6,1,1,1,1,833.3,1094,923.8776838
106402,118294,1,0.6,1,1,1,1,833.3,1094,1111.764816
118754,159270,1,0.6,1,1,1,1,833.3,1094,1341.175876
82631,87006,1,0.6,1,1,1,1,833.3,1094,1052.946231
55276,49748,1,0.6,1,1,1,1,833.3,1094,899.9927636
39274,42739,1,0.6,1,1,1,1,833.3,1094,1088.226307
74578,64488,1,0.6,1,1,1,1,833.3,1094,864.7054091
24333,22615,1,0.6,1,1,1,1,833.3,1094,929.3962931
17223,22896,1,0.6,1,1,1,1,833.3,1094,1329.385125
29000,48000,1,0.6,1,1,1,1,833.3,1094,1655.172414
23397,42803,1,0.6,1,1,1,1,833.3,1094,1829.422576
36070,52620,1,0.6,1,1,1,1,833.3,1094,1458.830053
54003,111375,1,0.6,1,1,1,1,833.3,1094,2062.385423
97242,122387,1,0.6,1,1,1,1,833.3,1094,1258.581683
154899,175856,1,0.6,1,1,1,1,833.3,1094,1135.294611
95,108,1,0.6,1,1,1,1,833.3,1094,1136.842105
203835,679850,1,0.6,1,1,1,1,833.3,1094,3335.295705
179,597,1,0.6,1,1,1,1,833.3,1094,3335.195531
306058,809620,1,0.6,1,1,1,1,833.3,1094,2645.315594
2,6,1,0.6,1,1,1,1,833.3,1094,3000
39900,47500,1,0.6,1,1,1,1,833.3,1094,1190.47619
62800,82400,1,0.6,1,1,1,1,833.3,1094,1312.101911
41514,45665,1,0.6,1,1,1,1,833.3,1094,1099.990365
47128,61544,1,0.6,1,1,1,1,833.3,1094,1305.890341
37624,62633,1,0.6,1,1,1,1,833.3,1094,1664.708697
24364,28377,1,0.6,1,1,1,1,833.3,1094,1164.710228
35815,60675,1,0.6,1,1,1,1,833.3,1094,1694.122574
42618,57660,1,0.6,1,1,1,1,833.3,1094,1352.949458
20988,32717,1,0.6,1,1,1,1,833.3,1094,1558.843148
20156,40786,1,0.6,1,1,1,1,833.3,1094,2023.516571
24000,71000,1,0.6,1,1,1,1,833.3,1094,2958.333333
40781,131459,1,0.6,1,1,1,1,833.3,1094,3223.53547
32960,93645,1,0.6,1,1,1,1,833.3,1094,2841.171117
51421,115063,1,0.6,1,1,1,1,833.3,1094,2237.665545
57941,140142,1,0.6,1,1,1,1,833.3,1094,2418.701783
63206,195939,1,0.6,1,1,1,1,833.3,1094,3100.006329
3838,11898,1,0.6,1,1,1,1,833.3,1094,3100.05211
82988,276301,1,0.6,1,1,1,1,833.3,1094,3329.409071
1352,4501,1,0.6,1,1,1,1,833.3,1094,3329.142012
71520,252407,1,0.6,1,1,1,1,833.3,1094,3529.180649
651,2298,1,0.6,1,1,1,1,833.3,1094,3529.953917
8700,20900,1,0.6,1,1,1,1,833.3,1094,2402.298851
7100,5600,1,0.6,1,1,1,1,833.3,1094,788.7323944
4636,7663,1,0.6,1,1,1,1,833.3,1094,1652.933563
7628,14403,1,0.6,1,1,1,1,833.3,1094,1888.175144
6553,17115,1,0.6,1,1,1,1,833.3,1094,2611.780864
5798,10300,1,0.6,1,1,1,1,833.3,1094,1776.474646
9993,29744,1,0.6,1,1,1,1,833.3,1094,2976.483538
6399,18218,1,0.6,1,1,1,1,833.3,1094,2847.007345
4428,10731,1,0.6,1,1,1,1,833.3,1094,2423.441734
3760,11568,1,0.6,1,1,1,1,833.3,1094,3076.595745
5000,20000,1,0.6,1,1,1,1,833.3,1094,4000
6879,24724,1,0.6,1,1,1,1,833.3,1094,3594.127053
4567,14668,1,0.6,1,1,1,1,833.3,1094,3211.73637
8255,14718,1,0.6,1,1,1,1,833.3,1094,1782.919443
16925,34716,1,0.6,1,1,1,1,833.3,1094,2051.166913
4753,12414,1,0.6,1,1,1,1,833.3,1094,2611.824111
2442,6378,1,0.6,1,1,1,1,833.3,1094,2611.793612
5220,13081,1,0.6,1,1,1,1,833.3,1094,2505.938697
1565,3922,1,0.6,1,1,1,1,833.3,1094,2506.070288
6615,20463,1,0.6,1,1,1,1,833.3,1094,3093.424036
2872,8885,1,0.6,1,1,1,1,833.3,1094,3093.662953
800,1900,1,0.6,1,1,1,1,833.3,1094,2375
2000,1600,1,0.6,1,1,1,1,833.3,1094,800
1700,2810,1,0.6,1,1,1,1,833.3,1094,1652.941176
1836,3467,1,0.6,1,1,1,1,833.3,1094,1888.344227
1724,4503,1,0.6,1,1,1,1,833.3,1094,2611.948956
1522,2704,1,0.6,1,1,1,1,833.3,1094,1776.609724
1711,5093,1,0.6,1,1,1,1,833.3,1094,2976.621859
2525,7189,1,0.6,1,1,1,1,833.3,1094,2847.128713
2666,6461,1,0.6,1,1,1,1,833.3,1094,2423.48087
1761,5418,1,0.6,1,1,1,1,833.3,1094,3076.660988
2000,7000,1,0.6,1,1,1,1,833.3,1094,3500
1802,6477,1,0.6,1,1,1,1,833.3,1094,3594.339623
1248,4008,1,0.6,1,1,1,1,833.3,1094,3211.538462
2968,6739,1,0.6,1,1,1,1,833.3,1094,2270.552561
5567,11953,1,0.6,1,1,1,1,833.3,1094,2147.116939
9952,33661,1,0.6,1,1,1,1,833.3,1094,3382.335209
9846,28843,1,0.6,1,1,1,1,833.3,1094,2929.41296
9563,42122,1,0.6,1,1,1,1,833.3,1094,4404.684722
1500,3500,1,0.6,1,1,1,1,833.3,1094,2333.333333
1300,1100,1,0.6,1,1,1,1,833.3,1094,846.1538462
1197,1979,1,0.6,1,1,1,1,833.3,1094,1653.299916
1119,2113,1,0.6,1,1,1,1,833.3,1094,1888.293119
1021,2667,1,0.6,1,1,1,1,833.3,1094,2612.144956
859,1526,1,0.6,1,1,1,1,833.3,1094,1776.484284
1359,4045,1,0.6,1,1,1,1,833.3,1094,2976.453274
3020,8598,1,0.6,1,1,1,1,833.3,1094,2847.019868
1834,4445,1,0.6,1,1,1,1,833.3,1094,2423.664122
847,2606,1,0.6,1,1,1,1,833.3,1094,3076.74144
204,733,1,0.6,1,1,1,1,833.3,1094,3593.137255
697,2239,1,0.6,1,1,1,1,833.3,1094,3212.338594
1105,2509,1,0.6,1,1,1,1,833.3,1094,2270.588235
1390,2984,1,0.6,1,1,1,1,833.3,1094,2146.76259
3013,10191,1,0.6,1,1,1,1,833.3,1094,3382.34318
2798,8196,1,0.6,1,1,1,1,833.3,1094,2929.235168
2840,12510,1,0.6,1,1,1,1,833.3,1094,4404.929577
4200,10100,1,0.6,1,1,1,1,833.3,1094,2404.761905
13200,10400,1,0.6,1,1,1,1,833.3,1094,787.8787879
10494,17346,1,0.6,1,1,1,1,833.3,1094,1652.94454
9874,18644,1,0.6,1,1,1,1,833.3,1094,1888.191209
15639,40845,1,0.6,1,1,1,1,833.3,1094,2611.739881
12397,22023,1,0.6,1,1,1,1,833.3,1094,1776.47818
19471,26801,1,0.6,1,1,1,1,833.3,1094,1376.457295
22974,38650,1,0.6,1,1,1,1,833.3,1094,1682.336554
17734,13874,1,0.6,1,1,1,1,833.3,1094,782.3390098
11062,11452,1,0.6,1,1,1,1,833.3,1094,1035.255831
7000,7000,1,0.6,1,1,1,1,833.3,1094,1000
6798,6358,1,0.6,1,1,1,1,833.3,1094,935.2750809
8808,15129,1,0.6,1,1,1,1,833.3,1094,1717.643052
11463,10721,1,0.6,1,1,1,1,833.3,1094,935.2699991
11728,15798,1,0.6,1,1,1,1,833.3,1094,1347.032742
14658,29316,1,0.6,1,1,1,1,833.3,1094,2000
15303,26735,1,0.6,1,1,1,1,833.3,1094,1747.043063
15698,37286,1,0.6,1,1,1,1,833.3,1094,2375.207033
3400,8200,1,0.6,1,1,1,1,833.3,1094,2411.764706
3100,2400,1,0.6,1,1,1,1,833.3,1094,774.1935484
1546,2555,1,0.6,1,1,1,1,833.3,1094,1652.652005
2028,3829,1,0.6,1,1,1,1,833.3,1094,1888.067061
3269,8538,1,0.6,1,1,1,1,833.3,1094,2611.807892
940,1670,1,0.6,1,1,1,1,833.3,1094,1776.595745
3759,11189,1,0.6,1,1,1,1,833.3,1094,2976.589518
8729,24852,1,0.6,1,1,1,1,833.3,1094,2847.061519
11196,27134,1,0.6,1,1,1,1,833.3,1094,2423.544123
4370,13444,1,0.6,1,1,1,1,833.3,1094,3076.430206
5000,18000,1,0.6,1,1,1,1,833.3,1094,3600
3512,12623,1,0.6,1,1,1,1,833.3,1094,3594.248292
2522,8100,1,0.6,1,1,1,1,833.3,1094,3211.736717
3956,8982,1,0.6,1,1,1,1,833.3,1094,2270.475228
5131,11017,1,0.6,1,1,1,1,833.3,1094,2147.144806
6425,21732,1,0.6,1,1,1,1,833.3,1094,3382.412451
5240,13038,1,0.6,1,1,1,1,833.3,1094,2488.167939
9795,13807,1,0.6,1,1,1,1,833.3,1094,1409.596733
238,22,0.42,0.56,1,0.19,1,1,833.3,494,92.43697479
151,94,0.42,0.56,1,0.19,1,1,833.3,494,622.5165563
213,165,0.42,0.56,1,0.19,1,1,833.3,494,774.6478873
111,94,0.42,0.56,1,0.19,1,1,833.3,494,846.8468468
212,171,0.42,0.56,1,0.19,1,1,833.3,494,806.6037736
240,35,0.42,0.56,1,0.19,1,1,833.3,494,145.8333333
413,84,0.42,0.56,1,0.19,1,1,833.3,494,203.3898305
60,13,0.42,0.56,1,0.19,1,1,833.3,494,216.6666667
450,123,0.42,0.56,1,0.19,1,1,833.3,494,273.3333333
29,6,0.42,0.56,1,0.19,1,1,833.3,494,206.8965517
329,55,0.42,0.56,1,0.19,1,1,833.3,494,167.1732523
278,50,0.42,0.56,1,0.19,1,1,833.3,494,179.8561151
528,141,0.42,0.56,1,0.19,1,1,833.3,494,267.0454545
1072,287,0.42,0.56,1,0.19,1,1,833.3,494,267.7238806
717,194,0.42,0.56,1,0.19,1,1,833.3,494,270.5718271
1571,462,0.42,0.56,1,0.19,1,1,833.3,494,294.0802037
2154,178,0.42,0.56,1,0.19,1,1,833.3,494,82.6369545
1944,1976,0.42,0.56,1,0.19,1,1,833.3,494,1016.460905
1472,1153,0.42,0.56,1,0.19,1,1,833.3,494,783.2880435
1376,1424,0.42,0.56,1,0.19,1,1,833.3,494,1034.883721
1308,1182,0.42,0.56,1,0.19,1,1,833.3,494,903.6697248
1213,289,0.42,0.56,1,0.19,1,1,833.3,494,238.2522671
196,40,0.42,0.56,1,0.19,1,1,833.3,494,204.0816327
1013,232,0.42,0.56,1,0.19,1,1,833.3,494,229.0227048
958,261,0.42,0.56,1,0.19,1,1,833.3,494,272.4425887
968,213,0.42,0.56,1,0.19,1,1,833.3,494,220.0413223
1539,259,0.42,0.56,1,0.19,1,1,833.3,494,168.2910981
466,84,0.42,0.56,1,0.19,1,1,833.3,494,180.2575107
996,204,0.42,0.56,1,0.19,1,1,833.3,494,204.8192771
1132,224,0.42,0.56,1,0.19,1,1,833.3,494,197.8798587
640,124,0.42,0.56,1,0.19,1,1,833.3,494,193.75
1721,544,0.42,0.56,1,0.19,1,1,833.3,494,316.0952934
2,6,0.42,0.56,1,0.19,1,1,833.3,494,3000
3,1,0.42,0.56,1,0.19,1,1,833.3,494,333.3333333
297,41,0.42,0.56,1,0.19,1,1,833.3,494,138.047138
294,376,0.42,0.56,1,0.19,1,1,833.3,494,1278.911565
174,229,0.42,0.56,1,0.19,1,1,833.3,494,1316.091954
130,165,0.42,0.56,1,0.19,1,1,833.3,494,1269.230769
98,106,0.42,0.56,1,0.19,1,1,833.3,494,1081.632653
78,13,0.42,0.56,1,0.19,1,1,833.3,494,166.6666667
105,21,0.42,0.56,1,0.19,1,1,833.3,494,200
73,16,0.42,0.56,1,0.19,1,1,833.3,494,219.1780822
41,11,0.42,0.56,1,0.19,1,1,833.3,494,268.2926829
20,3,0.42,0.56,1,0.19,1,1,833.3,494,150
14,3,0.42,0.56,1,0.19,1,1,833.3,494,214.2857143
102,24,0.42,0.56,1,0.19,1,1,833.3,494,235.2941176
38,9,0.42,0.56,1,0.19,1,1,833.3,494,236.8421053
38,9,0.42,0.56,1,0.19,1,1,833.3,494,236.8421053
4,1,0.42,0.56,1,0.19,1,1,833.3,494,250
4,6,0.42,0.56,1,0.19,1,1,833.3,494,1500
5,1,0.42,0.56,1,0.19,1,1,833.3,494,200
1,1,0.42,0.56,1,0.19,1,1,833.3,494,1000
7,1,0.42,0.56,1,0.19,1,1,833.3,494,142.8571429
4,6,0.42,0.56,1,0.19,1,1,833.3,494,1500
4,6,0.42,0.56,1,0.19,1,1,833.3,494,1500
2,6,0.42,0.56,1,0.19,1,1,833.3,494,3000
5,1,0.42,0.56,1,0.19,1,1,833.3,494,200
3,1,0.42,0.56,1,0.19,1,1,833.3,494,333.3333333
2,6,0.42,0.56,1,0.19,1,1,833.3,494,3000
4,6,0.42,0.56,1,0.19,1,1,833.3,494,1500
14,2,0.42,0.56,1,0.19,1,1,833.3,494,142.8571429
6,1,0.42,0.56,1,0.19,1,1,833.3,494,166.6666667
2,1,0.42,0.56,1,0.19,1,1,833.3,494,500
510,62,0.42,0.56,1,0.19,1,1,833.3,494,121.5686275
369,471,0.42,0.56,1,0.19,1,1,833.3,494,1276.422764
218,282,0.42,0.56,1,0.19,1,1,833.3,494,1293.577982
213,276,0.42,0.56,1,0.19,1,1,833.3,494,1295.774648
248,265,0.42,0.56,1,0.19,1,1,833.3,494,1068.548387
394,66,0.42,0.56,1,0.19,1,1,833.3,494,167.5126904
355,73,0.42,0.56,1,0.19,1,1,833.3,494,205.6338028
345,73,0.42,0.56,1,0.19,1,1,833.3,494,211.5942029
406,111,0.42,0.56,1,0.19,1,1,833.3,494,273.3990148
301,66,0.42,0.56,1,0.19,1,1,833.3,494,219.269103
166,28,0.42,0.56,1,0.19,1,1,833.3,494,168.6746988
213,38,0.42,0.56,1,0.19,1,1,833.3,494,178.4037559
84,20,0.42,0.56,1,0.19,1,1,833.3,494,238.0952381
65,15,0.42,0.56,1,0.19,1,1,833.3,494,230.7692308
244,55,0.42,0.56,1,0.19,1,1,833.3,494,225.4098361
224,67,0.42,0.56,1,0.19,1,1,833.3,494,299.1071429
20,5,0.42,0.56,1,0.19,1,1,833.3,494,250
118,11,0.42,0.56,1,0.19,1,1,833.3,494,93.22033898
230,141,0.42,0.56,1,0.19,1,1,833.3,494,613.0434783
235,182,0.42,0.56,1,0.19,1,1,833.3,494,774.4680851
47,41,0.42,0.56,1,0.19,1,1,833.3,494,872.3404255
48,41,0.42,0.56,1,0.19,1,1,833.3,494,854.1666667
70,11,0.42,0.56,1,0.19,1,1,833.3,494,157.1428571
170,35,0.42,0.56,1,0.19,1,1,833.3,494,205.8823529
127,29,0.42,0.56,1,0.19,1,1,833.3,494,228.3464567
9,2,0.42,0.56,1,0.19,1,1,833.3,494,222.2222222
6,1,0.42,0.56,1,0.19,1,1,833.3,494,166.6666667
13,2,0.42,0.56,1,0.19,1,1,833.3,494,153.8461538
1,1,0.42,0.56,1,0.19,1,1,833.3,494,1000
15,12,0.42,0.56,1,0.19,1,1,833.3,494,800
4,6,0.42,0.56,1,0.19,1,1,833.3,494,1500
3,6,0.42,0.56,1,0.19,1,1,833.3,494,2000
9,6,0.42,0.56,1,0.19,1,1,833.3,494,666.6666667
10,1,0.42,0.56,1,0.19,1,1,833.3,494,100
10,2,0.42,0.56,1,0.19,1,1,833.3,494,200
10,3,0.42,0.56,1,0.19,1,1,833.3,494,300
3,1,0.42,0.56,1,0.19,1,1,833.3,494,333.3333333
23,4,0.42,0.56,1,0.19,1,1,833.3,494,173.9130435
6,2,0.42,0.56,1,0.19,1,1,833.3,494,333.3333333
14,3,0.42,0.56,1,0.19,1,1,833.3,494,214.2857143
7,2,0.42,0.56,1,0.19,1,1,833.3,494,285.7142857
21,6,0.42,0.56,1,0.19,1,1,833.3,494,285.7142857
101,14,0.42,0.56,1,0.19,1,1,833.3,494,138.6138614
98,124,0.42,0.56,1,0.19,1,1,833.3,494,1265.306122
93,124,0.42,0.56,1,0.19,1,1,833.3,494,1333.333333
87,112,0.42,0.56,1,0.19,1,1,833.3,494,1287.356322
57,65,0.42,0.56,1,0.19,1,1,833.3,494,1140.350877
14,2,0.42,0.56,1,0.19,1,1,833.3,494,142.8571429
30,6,0.42,0.56,1,0.19,1,1,833.3,494,200
21,3,0.42,0.56,1,0.19,1,1,833.3,494,142.8571429
24,29,0.42,0.56,1,0.19,1,1,833.3,494,1208.333333
9,12,0.42,0.56,1,0.19,1,1,833.3,494,1333.333333
11,12,0.42,0.56,1,0.19,1,1,833.3,494,1090.909091
10,12,0.42,0.56,1,0.19,1,1,833.3,494,1200
3,1,0.42,0.56,1,0.19,1,1,833.3,494,333.3333333
6,1,0.42,0.56,1,0.19,1,1,833.3,494,166.6666667
1638,152,0.42,0.56,1,0.19,1,1,833.3,494,92.7960928
1946,1212,0.42,0.56,1,0.19,1,1,833.3,494,622.8160329
1519,1188,0.42,0.56,1,0.19,1,1,833.3,494,782.0934826
1324,1147,0.42,0.56,1,0.19,1,1,833.3,494,866.3141994
1448,199,0.42,0.56,1,0.19,1,1,833.3,494,137.4309392
1869,271,0.42,0.56,1,0.19,1,1,833.3,494,144.9973248
1508,307,0.42,0.56,1,0.19,1,1,833.3,494,203.5809019
1869,359,0.42,0.56,1,0.19,1,1,833.3,494,192.0813269
1518,414,0.42,0.56,1,0.19,1,1,833.3,494,272.7272727
1094,240,0.42,0.56,1,0.19,1,1,833.3,494,219.3784278
1504,254,0.42,0.56,1,0.19,1,1,833.3,494,168.8829787
1247,225,0.42,0.56,1,0.19,1,1,833.3,494,180.4330393
613,125,0.42,0.56,1,0.19,1,1,833.3,494,203.9151713
1248,247,0.42,0.56,1,0.19,1,1,833.3,494,197.9166667
943,152,0.42,0.56,1,0.19,1,1,833.3,494,161.1876988
1173,333,0.42,0.56,1,0.19,1,1,833.3,494,283.887468
2,6,0.42,0.56,1,0.19,1,1,833.3,494,3000
42,10,0.42,0.56,1,0.19,1,1,833.3,494,238.0952381
22,5,0.42,0.56,1,0.19,1,1,833.3,494,227.2727273
73,22,0.42,0.56,1,0.19,1,1,833.3,494,301.369863
8,12,0.42,0.56,1,0.19,1,1,833.3,494,1500
35,4,0.42,0.56,1,0.19,1,1,833.3,494,114.2857143
13,1,0.42,0.56,1,0.19,1,1,833.3,494,76.92307692
12,12,0.42,0.56,1,0.19,1,1,833.3,494,1000
10,12,0.42,0.56,1,0.19,1,1,833.3,494,1200
14,12,0.42,0.56,1,0.19,1,1,833.3,494,857.1428571
5,1,0.42,0.56,1,0.19,1,1,833.3,494,200
5,1,0.42,0.56,1,0.19,1,1,833.3,494,200
118,28,0.42,0.56,1,0.19,1,1,833.3,494,237.2881356
996,93,0.42,0.56,1,0.19,1,1,833.3,494,93.37349398
868,541,0.42,0.56,1,0.19,1,1,833.3,494,623.2718894
618,482,0.42,0.56,1,0.19,1,1,833.3,494,779.9352751
672,582,0.42,0.56,1,0.19,1,1,833.3,494,866.0714286
1200,971,0.42,0.56,1,0.19,1,1,833.3,494,809.1666667
1469,213,0.42,0.56,1,0.19,1,1,833.3,494,144.9965963
1436,292,0.42,0.56,1,0.19,1,1,833.3,494,203.3426184
1453,333,0.42,0.56,1,0.19,1,1,833.3,494,229.1810048
794,217,0.42,0.56,1,0.19,1,1,833.3,494,273.2997481
1004,220,0.42,0.56,1,0.19,1,1,833.3,494,219.123506
1122,189,0.42,0.56,1,0.19,1,1,833.3,494,168.4491979
1326,239,0.42,0.56,1,0.19,1,1,833.3,494,180.2413273
1178,315,0.42,0.56,1,0.19,1,1,833.3,494,267.4023769
1405,376,0.42,0.56,1,0.19,1,1,833.3,494,267.6156584
1217,328,0.42,0.56,1,0.19,1,1,833.3,494,269.5152013
1514,446,0.42,0.56,1,0.19,1,1,833.3,494,294.5838838
129,18,0.42,0.56,1,0.19,1,1,833.3,494,139.5348837
89,112,0.42,0.56,1,0.19,1,1,833.3,494,1258.426966
74,94,0.42,0.56,1,0.19,1,1,833.3,494,1270.27027
72,94,0.42,0.56,1,0.19,1,1,833.3,494,1305.555556
32,35,0.42,0.56,1,0.19,1,1,833.3,494,1093.75
45,8,0.42,0.56,1,0.19,1,1,833.3,494,177.7777778
41,8,0.42,0.56,1,0.19,1,1,833.3,494,195.1219512
40,9,0.42,0.56,1,0.19,1,1,833.3,494,225
5,1,0.42,0.56,1,0.19,1,1,833.3,494,200
4,1,0.42,0.56,1,0.19,1,1,833.3,494,250
18,3,0.42,0.56,1,0.19,1,1,833.3,494,166.6666667
22,4,0.42,0.56,1,0.19,1,1,833.3,494,181.8181818
47,11,0.42,0.56,1,0.19,1,1,833.3,494,234.0425532
7,2,0.42,0.56,1,0.19,1,1,833.3,494,285.7142857
11,2,0.42,0.56,1,0.19,1,1,833.3,494,181.8181818
9,3,0.42,0.56,1,0.19,1,1,833.3,494,333.3333333
541,84,0.42,0.56,1,0.19,1,1,833.3,494,155.2680222
466,529,0.42,0.56,1,0.19,1,1,833.3,494,1135.193133
374,371,0.42,0.56,1,0.19,1,1,833.3,494,991.9786096
229,306,0.42,0.56,1,0.19,1,1,833.3,494,1336.244541
150,171,0.42,0.56,1,0.19,1,1,833.3,494,1140
87,15,0.42,0.56,1,0.19,1,1,833.3,494,172.4137931
67,14,0.42,0.56,1,0.19,1,1,833.3,494,208.9552239
44,10,0.42,0.56,1,0.19,1,1,833.3,494,227.2727273
74,20,0.42,0.56,1,0.19,1,1,833.3,494,270.2702703
114,25,0.42,0.56,1,0.19,1,1,833.3,494,219.2982456
234,39,0.42,0.56,1,0.19,1,1,833.3,494,166.6666667
121,22,0.42,0.56,1,0.19,1,1,833.3,494,181.8181818
85,20,0.42,0.56,1,0.19,1,1,833.3,494,235.2941176
50,11,0.42,0.56,1,0.19,1,1,833.3,494,220
25,6,0.42,0.56,1,0.19,1,1,833.3,494,240
2,1,0.42,0.56,1,0.19,1,1,833.3,494,500
1,1,0.42,0.56,1,0.19,1,1,833.3,494,1000
524,106,0.42,0.56,1,0.19,1,1,833.3,494,202.2900763
292,318,0.42,0.56,1,0.19,1,1,833.3,494,1089.041096
305,441,0.42,0.56,1,0.19,1,1,833.3,494,1445.901639
191,253,0.42,0.56,1,0.19,1,1,833.3,494,1324.60733
163,188,0.42,0.56,1,0.19,1,1,833.3,494,1153.374233
95,16,0.42,0.56,1,0.19,1,1,833.3,494,168.4210526
44,9,0.42,0.56,1,0.19,1,1,833.3,494,204.5454545
118,25,0.42,0.56,1,0.19,1,1,833.3,494,211.8644068
35,8,0.42,0.56,1,0.19,1,1,833.3,494,228.5714286
21,4,0.42,0.56,1,0.19,1,1,833.3,494,190.4761905
11,2,0.42,0.56,1,0.19,1,1,833.3,494,181.8181818
19,5,0.42,0.56,1,0.19,1,1,833.3,494,263.1578947
8,2,0.42,0.56,1,0.19,1,1,833.3,494,250
7,2,0.42,0.56,1,0.19,1,1,833.3,494,285.7142857
8,6,0.42,0.56,1,0.19,1,1,833.3,494,750
2,1,0.42,0.56,1,0.19,1,1,833.3,494,500
34,8,0.42,0.56,1,0.19,1,1,833.3,494,235.2941176
9,2,0.42,0.56,1,0.19,1,1,833.3,494,222.2222222
11,12,0.42,0.56,1,0.19,1,1,833.3,494,1090.909091
11,12,0.42,0.56,1,0.19,1,1,833.3,494,1090.909091
3,1,0.42,0.56,1,0.19,1,1,833.3,494,333.3333333
15,3,0.42,0.56,1,0.19,1,1,833.3,494,200
7,2,0.42,0.56,1,0.19,1,1,833.3,494,285.7142857
6,1,0.42,0.56,1,0.19,1,1,833.3,494,166.6666667
25,0,0.61,0.8,1,0.17,0.75,1,833.3,617,0
25,0,0.61,0.8,1,0.17,0.75,1,833.3,617,0
16,0,0.61,0.8,1,0.17,0.75,1,833.3,617,0
16,0,0.61,0.8,1,0.17,0.75,1,833.3,617,0
55000,85000,0.61,0.8,1,0.17,0.75,1,833.3,617,1545.454545
54800,97000,0.61,0.8,1,0.17,0.75,1,833.3,617,1770.072993
50459,122000,0.61,0.8,1,0.17,0.75,1,833.3,617,2417.804554
47478,109000,0.61,0.8,1,0.17,0.75,1,833.3,617,2295.80016
64668,80000,0.61,0.8,1,0.17,0.75,1,833.3,617,1237.087895
64628,84000,0.61,0.8,1,0.17,0.75,1,833.3,617,1299.74624
61897,121000,0.61,0.8,1,0.17,0.75,1,833.3,617,1954.860494
73039,176000,0.61,0.8,1,0.17,0.75,1,833.3,617,2409.671545
60491,105000,0.61,0.8,1,0.17,0.75,1,833.3,617,1735.795408
48614,103000,0.61,0.8,1,0.17,0.75,1,833.3,617,2118.73123
37338,99000,0.61,0.8,1,0.17,0.75,1,833.3,617,2651.454283
29815,74000,0.61,0.8,1,0.17,0.75,1,833.3,617,2481.972162
32829,88000,0.61,0.8,1,0.17,0.75,1,833.3,617,2680.556825
34882,106000,0.61,0.8,1,0.17,0.75,1,833.3,617,3038.816582
59565,216000,0.61,0.8,1,0.17,0.75,1,833.3,617,3626.290607
62612,231000,0.61,0.8,1,0.17,0.75,1,833.3,617,3689.388616
98,0,0.61,0.8,1,0.17,0.75,1,833.3,617,0
87,0,0.61,0.8,1,0.17,0.75,1,833.3,617,0
236,0,0.61,0.8,1,0.17,0.75,1,833.3,617,0
105,0,0.61,0.8,1,0.17,0.75,1,833.3,617,0
108000,194000,0.61,0.8,1,0.17,0.75,1,833.3,617,1796.296296
102017,162000,0.61,0.8,1,0.17,0.75,1,833.3,617,1587.970632
95677,243000,0.61,0.8,1,0.17,0.75,1,833.3,617,2539.795353
107704,289000,0.61,0.8,1,0.17,0.75,1,833.3,617,2683.280101
114880,136000,0.61,0.8,1,0.17,0.75,1,833.3,617,1183.844011
80297,170000,0.61,0.8,1,0.17,0.75,1,833.3,617,2117.140117
87142,268000,0.61,0.8,1,0.17,0.75,1,833.3,617,3075.440086
101065,424000,0.61,0.8,1,0.17,0.75,1,833.3,617,4195.319844
94951,306000,0.61,0.8,1,0.17,0.75,1,833.3,617,3222.714874
90886,373000,0.61,0.8,1,0.17,0.75,1,833.3,617,4104.042427
85976,379000,0.61,0.8,1,0.17,0.75,1,833.3,617,4408.206941
84341,378000,0.61,0.8,1,0.17,0.75,1,833.3,617,4481.806002
85750,374000,0.61,0.8,1,0.17,0.75,1,833.3,617,4361.516035
83976,308000,0.61,0.8,1,0.17,0.75,1,833.3,617,3667.714585
90757,439000,0.61,0.8,1,0.17,0.75,1,833.3,617,4837.092456
85542,358000,0.61,0.8,1,0.17,0.75,1,833.3,617,4185.078675
230,0,0.61,0.8,1,0.17,0.75,1,833.3,617,0
71,0,0.61,0.8,1,0.17,0.75,1,833.3,617,0
207,0,0.61,0.8,1,0.17,0.75,1,833.3,617,0
339,0,0.61,0.8,1,0.17,0.75,1,833.3,617,0
160000,301000,0.61,0.8,1,0.17,0.75,1,833.3,617,1881.25
140103,207000,0.61,0.8,1,0.17,0.75,1,833.3,617,1477.484422
135389,350000,0.61,0.8,1,0.17,0.75,1,833.3,617,2585.143549
141906,349000,0.61,0.8,1,0.17,0.75,1,833.3,617,2459.374516
166958,175000,0.61,0.8,1,0.17,0.75,1,833.3,617,1048.167803
142580,330000,0.61,0.8,1,0.17,0.75,1,833.3,617,2314.490111
141674,354000,0.61,0.8,1,0.17,0.75,1,833.3,617,2498.694185
153627,461000,0.61,0.8,1,0.17,0.75,1,833.3,617,3000.774603
146956,315000,0.61,0.8,1,0.17,0.75,1,833.3,617,2143.498734
129660,396000,0.61,0.8,1,0.17,0.75,1,833.3,617,3054.141601
118126,466000,0.61,0.8,1,0.17,0.75,1,833.3,617,3944.940149
112152,468000,0.61,0.8,1,0.17,0.75,1,833.3,617,4172.908196
132751,477000,0.61,0.8,1,0.17,0.75,1,833.3,617,3593.193272
124277,431000,0.61,0.8,1,0.17,0.75,1,833.3,617,3468.059255
153514,667000,0.61,0.8,1,0.17,0.75,1,833.3,617,4344.880597
145604,528000,0.61,0.8,1,0.17,0.75,1,833.3,617,3626.274003
2000,3000,0.61,0.8,1,0.17,0.75,1,833.3,617,1500
2339,3000,0.61,0.8,1,0.17,0.75,1,833.3,617,1282.599401
1094,1000,0.61,0.8,1,0.17,0.75,1,833.3,617,914.0767824
1577,2000,0.61,0.8,1,0.17,0.75,1,833.3,617,1268.230818
1261,2000,0.61,0.8,1,0.17,0.75,1,833.3,617,1586.042823
3657,4000,0.61,0.8,1,0.17,0.75,1,833.3,617,1093.792726
3397,8000,0.61,0.8,1,0.17,0.75,1,833.3,617,2355.019135
5325,7000,0.61,0.8,1,0.17,0.75,1,833.3,617,1314.553991
3617,7000,0.61,0.8,1,0.17,0.75,1,833.3,617,1935.305502
1736,5000,0.61,0.8,1,0.17,0.75,1,833.3,617,2880.184332
923,2000,0.61,0.8,1,0.17,0.75,1,833.3,617,2166.847237
559,3000,0.61,0.8,1,0.17,0.75,1,833.3,617,5366.726297
910,3000,0.61,0.8,1,0.17,0.75,1,833.3,617,3296.703297
513,1000,0.61,0.8,1,0.17,0.75,1,833.3,617,1949.317739
952,3000,0.61,0.8,1,0.17,0.75,1,833.3,617,3151.260504
2872,7000,0.61,0.8,1,0.17,0.75,1,833.3,617,2437.325905
60000,102000,0.61,0.8,1,0.17,0.75,1,833.3,617,1700
45896,67000,0.61,0.8,1,0.17,0.75,1,833.3,617,1459.822207
36705,82000,0.61,0.8,1,0.17,0.75,1,833.3,617,2234.028062
38866,77000,0.61,0.8,1,0.17,0.75,1,833.3,617,1981.166058
46826,77000,0.61,0.8,1,0.17,0.75,1,833.3,617,1644.385598
37753,49000,0.61,0.8,1,0.17,0.75,1,833.3,617,1297.9101
43210,111000,0.61,0.8,1,0.17,0.75,1,833.3,617,2568.849803
49970,148000,0.61,0.8,1,0.17,0.75,1,833.3,617,2961.777066
49688,129000,0.61,0.8,1,0.17,0.75,1,833.3,617,2596.20029
45777,137000,0.61,0.8,1,0.17,0.75,1,833.3,617,2992.769295
44338,165000,0.61,0.8,1,0.17,0.75,1,833.3,617,3721.412784
45062,153000,0.61,0.8,1,0.17,0.75,1,833.3,617,3395.322001
45989,141000,0.61,0.8,1,0.17,0.75,1,833.3,617,3065.950553
47272,161000,0.61,0.8,1,0.17,0.75,1,833.3,617,3405.821628
63012,255000,0.61,0.8,1,0.17,0.75,1,833.3,617,4046.848219
66780,244000,0.61,0.8,1,0.17,0.75,1,833.3,617,3653.788559
4000,6000,0.61,0.8,1,0.17,0.75,1,833.3,617,1500
1383,1000,0.61,0.8,1,0.17,0.75,1,833.3,617,723.065799
828,2000,0.61,0.8,1,0.17,0.75,1,833.3,617,2415.458937
783,2000,0.61,0.8,1,0.17,0.75,1,833.3,617,2554.278416
1110,1000,0.61,0.8,1,0.17,0.75,1,833.3,617,900.9009009
1312,2000,0.61,0.8,1,0.17,0.75,1,833.3,617,1524.390244
1673,5000,0.61,0.8,1,0.17,0.75,1,833.3,617,2988.643156
2611,10000,0.61,0.8,1,0.17,0.75,1,833.3,617,3829.950211
4012,9000,0.61,0.8,1,0.17,0.75,1,833.3,617,2243.270189
3122,8000,0.61,0.8,1,0.17,0.75,1,833.3,617,2562.459962
2418,7000,0.61,0.8,1,0.17,0.75,1,833.3,617,2894.954508
2524,12000,0.61,0.8,1,0.17,0.75,1,833.3,617,4754.358162
3475,12000,0.61,0.8,1,0.17,0.75,1,833.3,617,3453.23741
4276,14000,0.61,0.8,1,0.17,0.75,1,833.3,617,3274.087933
8448,37000,0.61,0.8,1,0.17,0.75,1,833.3,617,4379.734848
10148,47000,0.61,0.8,1,0.17,0.75,1,833.3,617,4631.454474
62,0,0.61,0.8,1,0.17,0.75,1,833.3,617,0
59,0,0.61,0.8,1,0.17,0.75,1,833.3,617,0
46,0,0.61,0.8,1,0.17,0.75,1,833.3,617,0
22,0,0.61,0.8,1,0.17,0.75,1,833.3,617,0
2,0,0.61,0.8,1,0.17,0.75,1,833.3,617,0
1,0,0.61,0.8,1,0.17,0.75,1,833.3,617,0
1,0,0.61,0.8,1,0.17,0.75,1,833.3,617,0
7000,11000,0.61,0.8,1,0.17,0.75,1,833.3,617,1571.428571
7137,8000,0.61,0.8,1,0.17,0.75,1,833.3,617,1120.919154
4239,7000,0.61,0.8,1,0.17,0.75,1,833.3,617,1651.332862
1493,2000,0.61,0.8,1,0.17,0.75,1,833.3,617,1339.584729
1683,5000,0.61,0.8,1,0.17,0.75,1,833.3,617,2970.885324
3613,5000,0.61,0.8,1,0.17,0.75,1,833.3,617,1383.891503
5432,18000,0.61,0.8,1,0.17,0.75,1,833.3,617,3313.696613
13686,29000,0.61,0.8,1,0.17,0.75,1,833.3,617,2118.953675
9511,11000,0.61,0.8,1,0.17,0.75,1,833.3,617,1156.555567
4076,8000,0.61,0.8,1,0.17,0.75,1,833.3,617,1962.708538
1410,2000,0.61,0.8,1,0.17,0.75,1,833.3,617,1418.439716
898,2000,0.61,0.8,1,0.17,0.75,1,833.3,617,2227.171492
898,2000,0.61,0.8,1,0.17,0.75,1,833.3,617,2227.171492
566,4000,0.61,0.8,1,0.17,0.75,1,833.3,617,7067.137809
1921,5000,0.61,0.8,1,0.17,0.75,1,833.3,617,2602.811036
4461,10000,0.61,0.8,1,0.17,0.75,1,833.3,617,2241.649854
876,4000,0.61,0.8,1,0.17,0.75,1,833.3,617,4566.210046
19,0,0.61,0.8,1,0.17,0.75,1,833.3,617,0
16,0,0.61,0.8,1,0.17,0.75,1,833.3,617,0
11,0,0.61,0.8,1,0.17,0.75,1,833.3,617,0
93,0,0.61,0.8,1,0.17,0.75,1,833.3,617,0
56,0,0.61,0.8,1,0.17,0.75,1,833.3,617,0
72,0,0.61,0.8,1,0.17,0.75,1,833.3,617,0
222,0,0.61,0.8,1,0.17,0.75,1,833.3,617,0
2000,3000,0.61,0.8,1,0.17,0.75,1,833.3,617,1500
2523,3000,0.61,0.8,1,0.17,0.75,1,833.3,617,1189.060642
2364,3000,0.61,0.8,1,0.17,0.75,1,833.3,617,1269.035533
1628,5000,0.61,0.8,1,0.17,0.75,1,833.3,617,3071.253071
1777,3000,0.61,0.8,1,0.17,0.75,1,833.3,617,1688.238604
2103,3000,0.61,0.8,1,0.17,0.75,1,833.3,617,1426.533524
4318,12000,0.61,0.8,1,0.17,0.75,1,833.3,617,2779.064382
7794,27000,0.61,0.8,1,0.17,0.75,1,833.3,617,3464.203233
5934,12000,0.61,0.8,1,0.17,0.75,1,833.3,617,2022.244692
2886,6000,0.61,0.8,1,0.17,0.75,1,833.3,617,2079.002079
1302,3000,0.61,0.8,1,0.17,0.75,1,833.3,617,2304.147465
1019,2000,0.61,0.8,1,0.17,0.75,1,833.3,617,1962.708538
594,1000,0.61,0.8,1,0.17,0.75,1,833.3,617,1683.501684
478,3000,0.61,0.8,1,0.17,0.75,1,833.3,617,6276.150628
1074,2000,0.61,0.8,1,0.17,0.75,1,833.3,617,1862.197393
1788,6000,0.61,0.8,1,0.17,0.75,1,833.3,617,3355.704698
6000,5000,0.61,0.8,1,0.17,0.75,1,833.3,617,833.3333333
13312,16000,0.61,0.8,1,0.17,0.75,1,833.3,617,1201.923077
11525,21000,0.61,0.8,1,0.17,0.75,1,833.3,617,1822.125813
12825,15000,0.61,0.8,1,0.17,0.75,1,833.3,617,1169.590643
13729,10000,0.61,0.8,1,0.17,0.75,1,833.3,617,728.3851701
13675,17000,0.61,0.8,1,0.17,0.75,1,833.3,617,1243.144424
11472,20000,0.61,0.8,1,0.17,0.75,1,833.3,617,1743.375174
13053,23000,0.61,0.8,1,0.17,0.75,1,833.3,617,1762.047039
12854,23000,0.61,0.8,1,0.17,0.75,1,833.3,617,1789.32628
8702,22000,0.61,0.8,1,0.17,0.75,1,833.3,617,2528.154447
7762,21000,0.61,0.8,1,0.17,0.75,1,833.3,617,2705.488276
6527,16000,0.61,0.8,1,0.17,0.75,1,833.3,617,2451.355906
7836,17000,0.61,0.8,1,0.17,0.75,1,833.3,617,2169.474222
7197,13000,0.61,0.8,1,0.17,0.75,1,833.3,617,1806.308184
9869,37000,0.61,0.8,1,0.17,0.75,1,833.3,617,3749.113385
10757,35000,0.61,0.8,1,0.17,0.75,1,833.3,617,3253.695268
225000,394000,0.61,0.8,1,0.17,0.75,1,833.3,617,1751.111111
211952,309000,0.61,0.8,1,0.17,0.75,1,833.3,617,1457.877255
204127,472000,0.61,0.8,1,0.17,0.75,1,833.3,617,2312.285979
199970,164700,0.61,0.8,1,0.17,0.75,1,833.3,617,823.6235435
215369,232000,0.61,0.8,1,0.17,0.75,1,833.3,617,1077.220956
166003,368000,0.61,0.8,1,0.17,0.75,1,833.3,617,2216.827407
163128,488000,0.61,0.8,1,0.17,0.75,1,833.3,617,2991.515865
198560,763000,0.61,0.8,1,0.17,0.75,1,833.3,617,3842.667204
193063,581000,0.61,0.8,1,0.17,0.75,1,833.3,617,3009.380358
190436,745000,0.61,0.8,1,0.17,0.75,1,833.3,617,3912.075448
181552,734000,0.61,0.8,1,0.17,0.75,1,833.3,617,4042.918833
172300,754000,0.61,0.8,1,0.17,0.75,1,833.3,617,4376.088218
193075,801000,0.61,0.8,1,0.17,0.75,1,833.3,617,4148.646899
189006,706000,0.61,0.8,1,0.17,0.75,1,833.3,617,3735.331154
211317,956000,0.61,0.8,1,0.17,0.75,1,833.3,617,4524.008953
198745,899000,0.61,0.8,1,0.17,0.75,1,833.3,617,4523.384236
2000,3000,0.61,0.8,1,0.17,0.75,1,833.3,617,1500
1056,1000,0.61,0.8,1,0.17,0.75,1,833.3,617,946.969697
699,1000,0.61,0.8,1,0.17,0.75,1,833.3,617,1430.615165
825,2000,0.61,0.8,1,0.17,0.75,1,833.3,617,2424.242424
818,1000,0.61,0.8,1,0.17,0.75,1,833.3,617,1222.493888
2157,6000,0.61,0.8,1,0.17,0.75,1,833.3,617,2781.641168
1952,2000,0.61,0.8,1,0.17,0.75,1,833.3,617,1024.590164
1952,7000,0.61,0.8,1,0.17,0.75,1,833.3,617,3586.065574
2170,4000,0.61,0.8,1,0.17,0.75,1,833.3,617,1843.317972
1443,2000,0.61,0.8,1,0.17,0.75,1,833.3,617,1386.001386
1098,4000,0.61,0.8,1,0.17,0.75,1,833.3,617,3642.98725
579,2000,0.61,0.8,1,0.17,0.75,1,833.3,617,3454.231434
804,4000,0.61,0.8,1,0.17,0.75,1,833.3,617,4975.124378
1987,9000,0.61,0.8,1,0.17,0.75,1,833.3,617,4529.441369
11,0,0.61,0.8,1,0.17,0.75,1,833.3,617,0
2,0,0.61,0.8,1,0.17,0.75,1,833.3,617,0
3,0,0.61,0.8,1,0.17,0.75,1,833.3,617,0
16000,31176,1,0.49,1,0.34,1,1,653.3,494,1948.5
15031,2145,1,0.49,1,0.34,1,1,653.3,494,142.7050762
14384,1932,1,0.49,1,0.34,1,1,653.3,494,134.3159066
8155,12341,1,0.49,1,0.34,1,1,653.3,494,1513.304721
11586,21106,1,0.49,1,0.34,1,1,653.3,494,1821.68134
9175,4482,1,0.49,1,0.34,1,1,653.3,494,488.5013624
6139,8970,1,0.49,1,0.34,1,1,653.3,494,1461.150024
12327,24170,1,0.49,1,0.34,1,1,653.3,494,1960.736594
10406,10488,1,0.49,1,0.34,1,1,653.3,494,1007.880069
5612,2028,1,0.49,1,0.34,1,1,653.3,494,361.3684961
5133,2163,1,0.49,1,0.34,1,1,653.3,494,421.3909994
6328,1861,1,0.49,1,0.34,1,1,653.3,494,294.0897598
6450,764,1,0.49,1,0.34,1,1,653.3,494,118.4496124
3281,967,1,0.49,1,0.34,1,1,653.3,494,294.7272173
10400,11764,1,0.49,1,0.34,1,1,653.3,494,1131.153846
15128,3419,1,0.49,1,0.34,1,1,653.3,494,226.0047594
14519,3373,1,0.49,1,0.34,1,1,653.3,494,232.3162752
9840,17247,1,0.49,1,0.34,1,1,653.3,494,1752.743902
15696,15482,1,0.49,1,0.34,1,1,653.3,494,986.3659531
13865,23382,1,0.49,1,0.34,1,1,653.3,494,1686.404616
19364,40135,1,0.49,1,0.34,1,1,653.3,494,2072.660607
29522,54700,1,0.49,1,0.34,1,1,653.3,494,1852.855498
19243,30111,1,0.49,1,0.34,1,1,653.3,494,1564.776802
7230,3034,1,0.49,1,0.34,1,1,653.3,494,419.6403873
2973,1073,1,0.49,1,0.34,1,1,653.3,494,360.9149008
2372,949,1,0.49,1,0.34,1,1,653.3,494,400.084317
4326,1686,1,0.49,1,0.34,1,1,653.3,494,389.7364771
3677,1540,1,0.49,1,0.34,1,1,653.3,494,418.81969
8300,15882,1,0.49,1,0.34,1,1,653.3,494,1913.493976
7992,1425,1,0.49,1,0.34,1,1,653.3,494,178.3033033
8821,2179,1,0.49,1,0.34,1,1,653.3,494,247.0241469
10868,8864,1,0.49,1,0.34,1,1,653.3,494,815.6054472
11969,10488,1,0.49,1,0.34,1,1,653.3,494,876.2636812
11968,4576,1,0.49,1,0.34,1,1,653.3,494,382.3529412
12391,36929,1,0.49,1,0.34,1,1,653.3,494,2980.308288
15656,25141,1,0.49,1,0.34,1,1,653.3,494,1605.838017
14147,31705,1,0.49,1,0.34,1,1,653.3,494,2241.11119
13193,2458,1,0.49,1,0.34,1,1,653.3,494,186.3109225
11365,3219,1,0.49,1,0.34,1,1,653.3,494,283.2380114
10390,2476,1,0.49,1,0.34,1,1,653.3,494,238.3060635
11021,3304,1,0.49,1,0.34,1,1,653.3,494,299.7913075
11308,4318,1,0.49,1,0.34,1,1,653.3,494,381.853555
38,13,1,0.49,1,0.34,1,1,653.3,494,342.1052632
2,1,1,0.49,1,0.34,1,1,653.3,494,500
166,38,1,0.49,1,0.34,1,1,653.3,494,228.9156627
90,26,1,0.49,1,0.34,1,1,653.3,494,288.8888889
16,24,1,0.49,1,0.34,1,1,653.3,494,1500
25,12,1,0.49,1,0.34,1,1,653.3,494,480
3,5,1,0.49,1,0.34,1,1,653.3,494,1666.666667
3,5,1,0.49,1,0.34,1,1,653.3,494,1666.666667
14,5,1,0.49,1,0.34,1,1,653.3,494,357.1428571
5,2,1,0.49,1,0.34,1,1,653.3,494,400
14,6,1,0.49,1,0.34,1,1,653.3,494,428.5714286
10,3,1,0.49,1,0.34,1,1,653.3,494,300
9,4,1,0.49,1,0.34,1,1,653.3,494,444.4444444
900,1176,1,0.49,1,0.34,1,1,653.3,494,1306.666667
1084,249,1,0.49,1,0.34,1,1,653.3,494,229.704797
1015,291,1,0.49,1,0.34,1,1,653.3,494,286.6995074
607,959,1,0.49,1,0.34,1,1,653.3,494,1579.901153
1110,612,1,0.49,1,0.34,1,1,653.3,494,551.3513514
799,524,1,0.49,1,0.34,1,1,653.3,494,655.8197747
860,1776,1,0.49,1,0.34,1,1,653.3,494,2065.116279
1595,2788,1,0.49,1,0.34,1,1,653.3,494,1747.962382
1433,2676,1,0.49,1,0.34,1,1,653.3,494,1867.411026
492,179,1,0.49,1,0.34,1,1,653.3,494,363.8211382
306,122,1,0.49,1,0.34,1,1,653.3,494,398.6928105
125,51,1,0.49,1,0.34,1,1,653.3,494,408
149,52,1,0.49,1,0.34,1,1,653.3,494,348.9932886
97,42,1,0.49,1,0.34,1,1,653.3,494,432.9896907
23100,41764,1,0.49,1,0.34,1,1,653.3,494,1807.965368
18330,5242,1,0.49,1,0.34,1,1,653.3,494,285.979269
11821,1935,1,0.49,1,0.34,1,1,653.3,494,163.691735
7427,9059,1,0.49,1,0.34,1,1,653.3,494,1219.738791
6731,6547,1,0.49,1,0.34,1,1,653.3,494,972.6637944
10641,2965,1,0.49,1,0.34,1,1,653.3,494,278.6392256
6599,8152,1,0.49,1,0.34,1,1,653.3,494,1235.338688
9811,10947,1,0.49,1,0.34,1,1,653.3,494,1115.788401
12843,20447,1,0.49,1,0.34,1,1,653.3,494,1592.073503
6454,1573,1,0.49,1,0.34,1,1,653.3,494,243.7248218
8311,3721,1,0.49,1,0.34,1,1,653.3,494,447.7198893
15949,3485,1,0.49,1,0.34,1,1,653.3,494,218.5089974
23339,2666,1,0.49,1,0.34,1,1,653.3,494,114.2294014
12909,5422,1,0.49,1,0.34,1,1,653.3,494,420.0170424
32000,37058,1,0.49,1,0.34,1,1,653.3,494,1158.0625
35756,12372,1,0.49,1,0.34,1,1,653.3,494,346.0118581
35878,7774,1,0.49,1,0.34,1,1,653.3,494,216.6787446
30688,31470,1,0.49,1,0.34,1,1,653.3,494,1025.482273
17339,11765,1,0.49,1,0.34,1,1,653.3,494,678.5281735
12749,1124,1,0.49,1,0.34,1,1,653.3,494,88.16377755
9986,11476,1,0.49,1,0.34,1,1,653.3,494,1149.208892
5906,6405,1,0.49,1,0.34,1,1,653.3,494,1084.490349
14701,27382,1,0.49,1,0.34,1,1,653.3,494,1862.594381
4259,1421,1,0.49,1,0.34,1,1,653.3,494,333.6463959
4346,1384,1,0.49,1,0.34,1,1,653.3,494,318.4537506
794,272,1,0.49,1,0.34,1,1,653.3,494,342.5692695
5132,315,1,0.49,1,0.34,1,1,653.3,494,61.37957911
514,149,1,0.49,1,0.34,1,1,653.3,494,289.8832685
11,3,1,0.49,1,0.34,1,1,653.3,494,272.7272727
33,9,1,0.49,1,0.34,1,1,653.3,494,272.7272727
23,35,1,0.49,1,0.34,1,1,653.3,494,1521.73913
110,59,1,0.49,1,0.34,1,1,653.3,494,536.3636364
39,24,1,0.49,1,0.34,1,1,653.3,494,615.3846154
24,47,1,0.49,1,0.34,1,1,653.3,494,1958.333333
54,94,1,0.49,1,0.34,1,1,653.3,494,1740.740741
12,23,1,0.49,1,0.34,1,1,653.3,494,1916.666667
7,3,1,0.49,1,0.34,1,1,653.3,494,428.5714286
10,4,1,0.49,1,0.34,1,1,653.3,494,400
6,2,1,0.49,1,0.34,1,1,653.3,494,333.3333333
3,1,1,0.49,1,0.34,1,1,653.3,494,333.3333333
900,1176,1,0.49,1,0.34,1,1,653.3,494,1306.666667
858,197,1,0.49,1,0.34,1,1,653.3,494,229.6037296
650,186,1,0.49,1,0.34,1,1,653.3,494,286.1538462
952,1506,1,0.49,1,0.34,1,1,653.3,494,1581.932773
1090,600,1,0.49,1,0.34,1,1,653.3,494,550.4587156
1523,994,1,0.49,1,0.34,1,1,653.3,494,652.6592252
1519,3135,1,0.49,1,0.34,1,1,653.3,494,2063.857801
3480,6076,1,0.49,1,0.34,1,1,653.3,494,1745.977011
3091,5770,1,0.49,1,0.34,1,1,653.3,494,1866.709803
2744,555,1,0.49,1,0.34,1,1,653.3,494,202.2594752
2533,538,1,0.49,1,0.34,1,1,653.3,494,212.3963679
2766,1128,1,0.49,1,0.34,1,1,653.3,494,407.8091106
8590,2967,1,0.49,1,0.34,1,1,653.3,494,345.4016298
5948,3742,1,0.49,1,0.34,1,1,653.3,494,629.1190316
300,588,1,0.49,1,0.34,1,1,653.3,494,1960
217,50,1,0.49,1,0.34,1,1,653.3,494,230.4147465
347,100,1,0.49,1,0.34,1,1,653.3,494,288.184438
144,229,1,0.49,1,0.34,1,1,653.3,494,1590.277778
340,188,1,0.49,1,0.34,1,1,653.3,494,552.9411765
469,306,1,0.49,1,0.34,1,1,653.3,494,652.4520256
421,870,1,0.49,1,0.34,1,1,653.3,494,2066.508314
612,1070,1,0.49,1,0.34,1,1,653.3,494,1748.366013
360,670,1,0.49,1,0.34,1,1,653.3,494,1861.111111
55,20,1,0.49,1,0.34,1,1,653.3,494,363.6363636
9,4,1,0.49,1,0.34,1,1,653.3,494,444.4444444
3,1,1,0.49,1,0.34,1,1,653.3,494,333.3333333
6,2,1,0.49,1,0.34,1,1,653.3,494,333.3333333
4,2,1,0.49,1,0.34,1,1,653.3,494,500
22,5,1,0.49,1,0.34,1,1,653.3,494,227.2727273
45,13,1,0.49,1,0.34,1,1,653.3,494,288.8888889
28,41,1,0.49,1,0.34,1,1,653.3,494,1464.285714
4,0,1,0.49,1,0.34,1,1,653.3,494,0
32,24,1,0.49,1,0.34,1,1,653.3,494,750
45,94,1,0.49,1,0.34,1,1,653.3,494,2088.888889
66,111,1,0.49,1,0.34,1,1,653.3,494,1681.818182
36,64,1,0.49,1,0.34,1,1,653.3,494,1777.777778
8,3,1,0.49,1,0.34,1,1,653.3,494,375
95,38,1,0.49,1,0.34,1,1,653.3,494,400
26,10,1,0.49,1,0.34,1,1,653.3,494,384.6153846
101,35,1,0.49,1,0.34,1,1,653.3,494,346.5346535
18,8,1,0.49,1,0.34,1,1,653.3,494,444.4444444
4,1,1,0.49,1,0.34,1,1,653.3,494,250
4,6,1,0.49,1,0.34,1,1,653.3,494,1500
2,0,1,0.49,1,0.34,1,1,653.3,494,0
52,35,1,0.49,1,0.34,1,1,653.3,494,673.0769231
14,29,1,0.49,1,0.34,1,1,653.3,494,2071.428571
12,23,1,0.49,1,0.34,1,1,653.3,494,1916.666667
6,2,1,0.49,1,0.34,1,1,653.3,494,333.3333333
7,3,1,0.49,1,0.34,1,1,653.3,494,428.5714286
138,32,1,0.49,1,0.34,1,1,653.3,494,231.884058
119,34,1,0.49,1,0.34,1,1,653.3,494,285.7142857
100,159,1,0.49,1,0.34,1,1,653.3,494,1590
118,65,1,0.49,1,0.34,1,1,653.3,494,550.8474576
113,76,1,0.49,1,0.34,1,1,653.3,494,672.5663717
128,264,1,0.49,1,0.34,1,1,653.3,494,2062.5
547,952,1,0.49,1,0.34,1,1,653.3,494,1740.402194
391,729,1,0.49,1,0.34,1,1,653.3,494,1864.450128
332,121,1,0.49,1,0.34,1,1,653.3,494,364.4578313
371,147,1,0.49,1,0.34,1,1,653.3,494,396.2264151
393,160,1,0.49,1,0.34,1,1,653.3,494,407.1246819
423,146,1,0.49,1,0.34,1,1,653.3,494,345.1536643
463,201,1,0.49,1,0.34,1,1,653.3,494,434.12527
286900,365294,1,0.49,1,0.34,1,1,653.3,494,1273.245033
291897,65093,1,0.49,1,0.34,1,1,653.3,494,222.9998938
272002,79696,1,0.49,1,0.34,1,1,653.3,494,292.9978456
247275,382547,1,0.49,1,0.34,1,1,653.3,494,1547.050854
228737,81176,1,0.49,1,0.34,1,1,653.3,494,354.8879281
177285,116800,1,0.49,1,0.34,1,1,653.3,494,658.8261838
142029,262611,1,0.49,1,0.34,1,1,653.3,494,1848.995628
153670,202782,1,0.49,1,0.34,1,1,653.3,494,1319.593935
196235,312435,1,0.49,1,0.34,1,1,653.3,494,1592.14717
140088,47909,1,0.49,1,0.34,1,1,653.3,494,341.9921763
150590,54067,1,0.49,1,0.34,1,1,653.3,494,359.0344644
94702,37928,1,0.49,1,0.34,1,1,653.3,494,400.4984055
163732,52042,1,0.49,1,0.34,1,1,653.3,494,317.8486795
97362,39232,1,0.49,1,0.34,1,1,653.3,494,402.9498162
215000,268235,1,0.49,1,0.34,1,1,653.3,494,1247.604651
201201,42386,1,0.49,1,0.34,1,1,653.3,494,210.6649569
173551,54958,1,0.49,1,0.34,1,1,653.3,494,316.667723
165145,294347,1,0.49,1,0.34,1,1,653.3,494,1782.3549
179476,62288,1,0.49,1,0.34,1,1,653.3,494,347.0547594
118202,46353,1,0.49,1,0.34,1,1,653.3,494,392.150725
117060,265564,1,0.49,1,0.34,1,1,653.3,494,2268.614386
158081,341270,1,0.49,1,0.34,1,1,653.3,494,2158.829967
159425,367617,1,0.49,1,0.34,1,1,653.3,494,2305.893053
144445,56911,1,0.49,1,0.34,1,1,653.3,494,393.9977154
156714,67810,1,0.49,1,0.34,1,1,653.3,494,432.6990569
128173,54681,1,0.49,1,0.34,1,1,653.3,494,426.6187106
174821,71028,1,0.49,1,0.34,1,1,653.3,494,406.2898622
157244,66888,1,0.49,1,0.34,1,1,653.3,494,425.3771209
232,53,1,0.49,1,0.34,1,1,653.3,494,228.4482759
200,57,1,0.49,1,0.34,1,1,653.3,494,285
111,176,1,0.49,1,0.34,1,1,653.3,494,1585.585586
196,106,1,0.49,1,0.34,1,1,653.3,494,540.8163265
289,188,1,0.49,1,0.34,1,1,653.3,494,650.5190311
299,617,1,0.49,1,0.34,1,1,653.3,494,2063.545151
789,1376,1,0.49,1,0.34,1,1,653.3,494,1743.979721
522,976,1,0.49,1,0.34,1,1,653.3,494,1869.731801
218,79,1,0.49,1,0.34,1,1,653.3,494,362.3853211
125,50,1,0.49,1,0.34,1,1,653.3,494,400
63,26,1,0.49,1,0.34,1,1,653.3,494,412.6984127
80,35,1,0.49,1,0.34,1,1,653.3,494,437.5
500,588,1,0.49,1,0.34,1,1,653.3,494,1176
501,115,1,0.49,1,0.34,1,1,653.3,494,229.5409182
215,62,1,0.49,1,0.34,1,1,653.3,494,288.372093
68,106,1,0.49,1,0.34,1,1,653.3,494,1558.823529
144,76,1,0.49,1,0.34,1,1,653.3,494,527.7777778
834,547,1,0.49,1,0.34,1,1,653.3,494,655.8752998
450,929,1,0.49,1,0.34,1,1,653.3,494,2064.444444
401,700,1,0.49,1,0.34,1,1,653.3,494,1745.63591
276,517,1,0.49,1,0.34,1,1,653.3,494,1873.188406
45,16,1,0.49,1,0.34,1,1,653.3,494,355.5555556
9,3,1,0.49,1,0.34,1,1,653.3,494,333.3333333
39,16,1,0.49,1,0.34,1,1,653.3,494,410.2564103
105,36,1,0.49,1,0.34,1,1,653.3,494,342.8571429
39,17,1,0.49,1,0.34,1,1,653.3,494,435.8974359
2200,1764,1,0.49,1,0.34,1,1,653.3,494,801.8181818
2110,675,1,0.49,1,0.34,1,1,653.3,494,319.9052133
1435,247,1,0.49,1,0.34,1,1,653.3,494,172.1254355
481,600,1,0.49,1,0.34,1,1,653.3,494,1247.401247
489,1753,1,0.49,1,0.34,1,1,653.3,494,3584.867076
381,782,1,0.49,1,0.34,1,1,653.3,494,2052.493438
231,476,1,0.49,1,0.34,1,1,653.3,494,2060.606061
684,1194,1,0.49,1,0.34,1,1,653.3,494,1745.614035
291,541,1,0.49,1,0.34,1,1,653.3,494,1859.106529
126,46,1,0.49,1,0.34,1,1,653.3,494,365.0793651
523,208,1,0.49,1,0.34,1,1,653.3,494,397.7055449
721,294,1,0.49,1,0.34,1,1,653.3,494,407.7669903
692,238,1,0.49,1,0.34,1,1,653.3,494,343.9306358
340,147,1,0.49,1,0.34,1,1,653.3,494,432.3529412
102,24,1,0.49,1,0.34,1,1,653.3,494,235.2941176
64,18,1,0.49,1,0.34,1,1,653.3,494,281.25
54,88,1,0.49,1,0.34,1,1,653.3,494,1629.62963
38,24,1,0.49,1,0.34,1,1,653.3,494,631.5789474
37,24,1,0.49,1,0.34,1,1,653.3,494,648.6486486
10,17,1,0.49,1,0.34,1,1,653.3,494,1700
24,41,1,0.49,1,0.34,1,1,653.3,494,1708.333333
31,58,1,0.49,1,0.34,1,1,653.3,494,1870.967742
72,26,1,0.49,1,0.34,1,1,653.3,494,361.1111111
24,10,1,0.49,1,0.34,1,1,653.3,494,416.6666667
13,5,1,0.49,1,0.34,1,1,653.3,494,384.6153846
12,4,1,0.49,1,0.34,1,1,653.3,494,333.3333333
6,3,1,0.49,1,0.34,1,1,653.3,494,500
800,1176,1,0.49,1,0.34,1,1,653.3,494,1470
632,145,1,0.49,1,0.34,1,1,653.3,494,229.4303797
428,123,1,0.49,1,0.34,1,1,653.3,494,287.3831776
36,59,1,0.49,1,0.34,1,1,653.3,494,1638.888889
151,82,1,0.49,1,0.34,1,1,653.3,494,543.0463576
155,100,1,0.49,1,0.34,1,1,653.3,494,645.1612903
364,752,1,0.49,1,0.34,1,1,653.3,494,2065.934066
1370,2394,1,0.49,1,0.34,1,1,653.3,494,1747.445255
976,1823,1,0.49,1,0.34,1,1,653.3,494,1867.827869
381,138,1,0.49,1,0.34,1,1,653.3,494,362.2047244
34,13,1,0.49,1,0.34,1,1,653.3,494,382.3529412
17,7,1,0.49,1,0.34,1,1,653.3,494,411.7647059
31,11,1,0.49,1,0.34,1,1,653.3,494,354.8387097
15,6,1,0.49,1,0.34,1,1,653.3,494,400
7600,15882,1,0.49,1,0.34,1,1,653.3,494,2089.736842
10673,3330,1,0.49,1,0.34,1,1,653.3,494,312.0022487
12422,4079,1,0.49,1,0.34,1,1,653.3,494,328.3690227
8057,12323,1,0.49,1,0.34,1,1,653.3,494,1529.477473
10652,20782,1,0.49,1,0.34,1,1,653.3,494,1950.995118
8313,11641,1,0.49,1,0.34,1,1,653.3,494,1400.336822
9440,21117,1,0.49,1,0.34,1,1,653.3,494,2236.970339
13148,34852,1,0.49,1,0.34,1,1,653.3,494,2650.745361
11423,25558,1,0.49,1,0.34,1,1,653.3,494,2237.41574
8131,4334,1,0.49,1,0.34,1,1,653.3,494,533.0217685
7237,3822,1,0.49,1,0.34,1,1,653.3,494,528.1193865
9167,4812,1,0.49,1,0.34,1,1,653.3,494,524.9263663
11022,4578,1,0.49,1,0.34,1,1,653.3,494,415.3511159
11611,6697,1,0.49,1,0.34,1,1,653.3,494,576.780639
2,1,1,0.49,1,0.34,1,1,653.3,494,500
2,0,1,0.49,1,0.34,1,1,653.3,494,0
9,6,1,0.49,1,0.34,1,1,653.3,494,666.6666667
80,164,1,0.49,1,0.34,1,1,653.3,494,2050
114,200,1,0.49,1,0.34,1,1,653.3,494,1754.385965
98,182,1,0.49,1,0.34,1,1,653.3,494,1857.142857
37,13,1,0.49,1,0.34,1,1,653.3,494,351.3513514
24,10,1,0.49,1,0.34,1,1,653.3,494,416.6666667
54,22,1,0.49,1,0.34,1,1,653.3,494,407.4074074
148,51,1,0.49,1,0.34,1,1,653.3,494,344.5945946
70,30,1,0.49,1,0.34,1,1,653.3,494,428.5714286
5,1,1,0.49,1,0.34,1,1,653.3,494,200
1,1,1,0.49,1,0.34,1,1,653.3,494,1000
7,2,1,0.49,1,0.34,1,1,653.3,494,285.7142857
2,1,1,0.49,1,0.34,1,1,653.3,494,500
10500,22352,1,0.49,1,0.34,1,1,653.3,494,2128.761905
11081,2323,1,0.49,1,0.34,1,1,653.3,494,209.6381193
12816,3725,1,0.49,1,0.34,1,1,653.3,494,290.6523096
7679,13388,1,0.49,1,0.34,1,1,653.3,494,1743.456179
11566,23247,1,0.49,1,0.34,1,1,653.3,494,2009.942936
7749,19918,1,0.49,1,0.34,1,1,653.3,494,2570.39618
9222,28570,1,0.49,1,0.34,1,1,653.3,494,3098.026458
17794,27564,1,0.49,1,0.34,1,1,653.3,494,1549.061481
17661,26835,1,0.49,1,0.34,1,1,653.3,494,1519.449635
9223,3877,1,0.49,1,0.34,1,1,653.3,494,420.3621381
7944,4247,1,0.49,1,0.34,1,1,653.3,494,534.6173212
11759,8029,1,0.49,1,0.34,1,1,653.3,494,682.7961561
18093,8658,1,0.49,1,0.34,1,1,653.3,494,478.5276074
20479,11294,1,0.49,1,0.34,1,1,653.3,494,551.4917721
22100,35294,1,0.49,1,0.34,1,1,653.3,494,1597.013575
24337,6685,1,0.49,1,0.34,1,1,653.3,494,274.6846366
15837,4476,1,0.49,1,0.34,1,1,653.3,494,282.6292858
9180,16435,1,0.49,1,0.34,1,1,653.3,494,1790.305011
8889,17588,1,0.49,1,0.34,1,1,653.3,494,1978.625267
7114,14647,1,0.49,1,0.34,1,1,653.3,494,2058.897948
4350,10023,1,0.49,1,0.34,1,1,653.3,494,2304.137931
7327,11623,1,0.49,1,0.34,1,1,653.3,494,1586.324553
4796,8058,1,0.49,1,0.34,1,1,653.3,494,1680.150125
3268,1086,1,0.49,1,0.34,1,1,653.3,494,332.3133415
3449,1179,1,0.49,1,0.34,1,1,653.3,494,341.838214
4862,2117,1,0.49,1,0.34,1,1,653.3,494,435.4175237
4239,1185,1,0.49,1,0.34,1,1,653.3,494,279.547063
3304,1772,1,0.49,1,0.34,1,1,653.3,494,536.3196126
2510,441,1,0.49,1,0.34,1,1,653.3,494,175.6972112
2260,589,1,0.49,1,0.34,1,1,653.3,494,260.619469
2163,446,1,0.49,1,0.34,1,1,653.3,494,206.1950994
1600,2941,1,0.49,1,0.34,1,1,653.3,494,1838.125
1363,325,1,0.49,1,0.34,1,1,653.3,494,238.4446075
622,65,1,0.49,1,0.34,1,1,653.3,494,104.5016077
348,347,1,0.49,1,0.34,1,1,653.3,494,997.1264368
333,1224,1,0.49,1,0.34,1,1,653.3,494,3675.675676
479,312,1,0.49,1,0.34,1,1,653.3,494,651.3569937
245,505,1,0.49,1,0.34,1,1,653.3,494,2061.22449
705,1229,1,0.49,1,0.34,1,1,653.3,494,1743.262411
620,1158,1,0.49,1,0.34,1,1,653.3,494,1867.741935
1530,556,1,0.49,1,0.34,1,1,653.3,494,363.3986928
4473,1776,1,0.49,1,0.34,1,1,653.3,494,397.0489604
8192,3340,1,0.49,1,0.34,1,1,653.3,494,407.7148438
6525,2255,1,0.49,1,0.34,1,1,653.3,494,345.5938697
2871,1835,1,0.49,1,0.34,1,1,653.3,494,639.1501219
3,6,1,0.49,1,0.34,1,1,653.3,494,2000
4,5,1,0.49,1,0.34,1,1,653.3,494,1250
2,1,1,0.49,1,0.34,1,1,653.3,494,500
300,588,1,0.49,1,0.34,1,1,653.3,494,1960
498,115,1,0.49,1,0.34,1,1,653.3,494,230.9236948
1190,341,1,0.49,1,0.34,1,1,653.3,494,286.5546218
377,594,1,0.49,1,0.34,1,1,653.3,494,1575.596817
362,200,1,0.49,1,0.34,1,1,653.3,494,552.4861878
567,371,1,0.49,1,0.34,1,1,653.3,494,654.3209877
761,1570,1,0.49,1,0.34,1,1,653.3,494,2063.074901
1104,1929,1,0.49,1,0.34,1,1,653.3,494,1747.282609
850,1588,1,0.49,1,0.34,1,1,653.3,494,1868.235294
307,112,1,0.49,1,0.34,1,1,653.3,494,364.8208469
161,64,1,0.49,1,0.34,1,1,653.3,494,397.515528
123,50,1,0.49,1,0.34,1,1,653.3,494,406.504065
161,56,1,0.49,1,0.34,1,1,653.3,494,347.826087
97,42,1,0.49,1,0.34,1,1,653.3,494,432.9896907
4600,12352,1,0.49,1,0.34,1,1,653.3,494,2685.217391
5006,1727,1,0.49,1,0.34,1,1,653.3,494,344.9860168
4350,1527,1,0.49,1,0.34,1,1,653.3,494,351.0344828
2123,1982,1,0.49,1,0.34,1,1,653.3,494,933.5845502
2231,4918,1,0.49,1,0.34,1,1,653.3,494,2204.392649
2189,1729,1,0.49,1,0.34,1,1,653.3,494,789.8583828
1147,3505,1,0.49,1,0.34,1,1,653.3,494,3055.797733
2303,3817,1,0.49,1,0.34,1,1,653.3,494,1657.403387
1156,2058,1,0.49,1,0.34,1,1,653.3,494,1780.276817
976,323,1,0.49,1,0.34,1,1,653.3,494,330.942623
1999,738,1,0.49,1,0.34,1,1,653.3,494,369.1845923
2454,981,1,0.49,1,0.34,1,1,653.3,494,399.7555012
1790,420,1,0.49,1,0.34,1,1,653.3,494,234.6368715
836,363,1,0.49,1,0.34,1,1,653.3,494,434.2105263
242,56,1,0.49,1,0.34,1,1,653.3,494,231.4049587
293,84,1,0.49,1,0.34,1,1,653.3,494,286.6894198
244,388,1,0.49,1,0.34,1,1,653.3,494,1590.163934
719,394,1,0.49,1,0.34,1,1,653.3,494,547.9833102
593,388,1,0.49,1,0.34,1,1,653.3,494,654.3001686
255,523,1,0.49,1,0.34,1,1,653.3,494,2050.980392
438,764,1,0.49,1,0.34,1,1,653.3,494,1744.292237
318,594,1,0.49,1,0.34,1,1,653.3,494,1867.924528
187,68,1,0.49,1,0.34,1,1,653.3,494,363.6363636
165,65,1,0.49,1,0.34,1,1,653.3,494,393.9393939
85,35,1,0.49,1,0.34,1,1,653.3,494,411.7647059
441,152,1,0.49,1,0.34,1,1,653.3,494,344.6712018
139,60,1,0.49,1,0.34,1,1,653.3,494,431.6546763
18,4,1,0.49,1,0.34,1,1,653.3,494,222.2222222
23,7,1,0.49,1,0.34,1,1,653.3,494,304.3478261
23,35,1,0.49,1,0.34,1,1,653.3,494,1521.73913
41,29,1,0.49,1,0.34,1,1,653.3,494,707.3170732
61,41,1,0.49,1,0.34,1,1,653.3,494,672.1311475
76,158,1,0.49,1,0.34,1,1,653.3,494,2078.947368
233,405,1,0.49,1,0.34,1,1,653.3,494,1738.197425
214,400,1,0.49,1,0.34,1,1,653.3,494,1869.158879
168,61,1,0.49,1,0.34,1,1,653.3,494,363.0952381
260,103,1,0.49,1,0.34,1,1,653.3,494,396.1538462
581,237,1,0.49,1,0.34,1,1,653.3,494,407.9173838
756,261,1,0.49,1,0.34,1,1,653.3,494,345.2380952
973,422,1,0.49,1,0.34,1,1,653.3,494,433.7101747
